{
  "project_info": {
    "project_number": "583535309872",
    "project_id": "bienestarsv-2cce5",
    "storage_bucket": "bienestarsv-2cce5.appspot.com"
  },
  "client": [
    {
      "client_info": {
        "mobilesdk_app_id": "1:583535309872:android:b5d90166624892ee2229f5",
        "android_client_info": {
          "package_name": "com.example.bienestarsv"
        }
      },
      "oauth_client": [
        {
          "client_id": "583535309872-bbtgqogp09im15vgg9ulbrrm7umg9k50.apps.googleusercontent.com",
          "client_type": 3
        }
      ],
      "api_key": [
        {
          "current_key": "AIzaSyDEev5aEz1t_H2TIVJI7J-gW6op3uAbSJU"
        }
      ],
      "services": {
        "appinvite_service": {
          "other_platform_oauth_client": [
            {
              "client_id": "583535309872-bbtgqogp09im15vgg9ulbrrm7umg9k50.apps.googleusercontent.com",
              "client_type": 3
            }
          ]
        }
      }
    },
    {
      "client_info": {
        "mobilesdk_app_id": "1:583535309872:android:4e210d8d0d6eb7312229f5",
        "android_client_info": {
          "package_name": "com.example.proyecto_bienestarsv"
        }
      },
      "oauth_client": [
        {
          "client_id": "583535309872-klla9vucvqu6jv87tvlspjd0cqk4c0d7.apps.googleusercontent.com",
          "client_type": 1,
          "android_info": {
            "package_name": "com.example.proyecto_bienestarsv",
            "certificate_hash": "ca441ee9fe572a26b6acea4730c481636ee22bff"
          }
        },
        {
          "client_id": "583535309872-bbtgqogp09im15vgg9ulbrrm7umg9k50.apps.googleusercontent.com",
          "client_type": 3
        }
      ],
      "api_key": [
        {
          "current_key": "AIzaSyDEev5aEz1t_H2TIVJI7J-gW6op3uAbSJU"
        }
      ],
      "services": {
        "appinvite_service": {
          "other_platform_oauth_client": [
            {
              "client_id": "583535309872-bbtgqogp09im15vgg9ulbrrm7umg9k50.apps.googleusercontent.com",
              "client_type": 3
            }
          ]
        }
      }
    }
  ],
  "configuration_version": "1"
}